<?xml version="1.0" encoding="UTF-8"?>
<!DOCTYPE hibernate-configuration PUBLIC
		"-//Hibernate/Hibernate Configuration DTD 3.0//EN"
		"http://www.hibernate.org/dtd/hibernate-configuration-3.0.dtd">
<hibernate-configuration>
    <session-factory>
        <property name="hibernate.connection.driver_class">com.mysql.jdbc.Driver</property>
        <property name="hibernate.connection.password">Avi</property>
        <property name="hibernate.connection.url">jdbc:mysql://localhost:3306/webtools</property>
        <property name="hibernate.connection.username">Avi</property>
        <property name="hibernate.dialect">org.hibernate.dialect.MySQL5Dialect</property>
        <property name="hibernate.hbm2ddl.auto">update</property>
        <property name="hibernate.show_sql">true</property>
        
        <mapping class="com.neu.webtools.Pojo.Hospital"/>
        <mapping class="com.neu.webtools.Pojo.Vaccinator"/>
        <mapping class="com.neu.webtools.Pojo.Beneficiary"/>
        <mapping class="com.neu.webtools.Pojo.Vaccine"/>
        <mapping class="com.neu.webtools.Pojo.Doctor"/>
        <mapping class="com.neu.webtools.Pojo.Staff"/>
        <mapping class="com.neu.webtools.Pojo.Address"/>
         <mapping class="com.neu.webtools.Pojo.VaccinationCamp"/>
          <mapping class="com.neu.webtools.Pojo.Vaccination"/>
       
    </session-factory>
</hibernate-configuration>
