<?xml version="1.0" encoding="UTF-8"?>
<beans xmlns="http://www.springframework.org/schema/beans"
	xmlns:xsi="http://www.w3.org/2001/XMLSchema-instance"
	xsi:schemaLocation="http://www.springframework.org/schema/beans https://www.springframework.org/schema/beans/spring-beans.xsd">
	
	<!-- Root Context: defines shared resources visible to all other web components -->
	
	<bean id = "hdao" class = "com.neu.webtools.Dao.HospitalDao"></bean>
	<bean id = "ddao" class = "com.neu.webtools.Dao.DoctorDao"></bean>
	<bean id = "vdao" class = "com.neu.webtools.Dao.VaccinatorDao"></bean>
	<bean id = "bdao" class = "com.neu.webtools.Dao.BeneficiaryDao"></bean>
	<bean id = "sdao" class = "com.neu.webtools.Dao.StaffDao"></bean>
	<bean id = "vcdao" class = "com.neu.webtools.Dao.VaccinationCampDao"></bean>				
</beans>
